# This is the official list of Syncthing authors for copyright purposes.
#
# THIS FILE IS MOSTLY AUTO GENERATED. IF YOU'VE MADE A COMMIT TO THE
# REPOSITORY YOU WILL BE ADDED HERE AUTOMATICALLY WITHOUT THE NEED FOR
# ANY MANUAL ACTION.
#
# That said, you are welcome to correct your name or add a nickname / GitHub
# user name as appropriate. The format is:
#
#    Name Name Name (nickname) <email1@example.com> <email2@example.com>
#
# The in-GUI authors list is periodically automatically updated from the
# contents of this file.
#

Jakob Borg (calmh) <jakob@nym.se> <jakob@kastelo.net> <jborg@coreweave.com>
Audrius Butkevicius (AudriusButkevicius) <audrius.butkevicius@gmail.com> <github@audrius.rocks>
Simon Frei (imsodin) <freisim93@gmail.com>
Tomasz Wilczyński <5626656+tomasz1986@users.noreply.github.com> <twilczynski@naver.com>
Alexander Graf (alex2108) <register-github@alex-graf.de>
Alexandre Viau (aviau) <alexandre@alexandreviau.net> <aviau@debian.org>
Anderson Mesquita (andersonvom) <andersonvom@gmail.com>
André Colomb (acolomb) <src@andre.colomb.de> <github.com@andre.colomb.de>
Antony Male (canton7) <antony.male@gmail.com>
Ben Schulz (uok) <ueomkail@gmail.com> <uok@users.noreply.github.com>
bt90 <btom1990@googlemail.com>
Caleb Callaway (cqcallaw) <enlightened.despot@gmail.com>
Daniel Harte (norgeous) <daniel@harte.me> <daniel@danielharte.co.uk> <norgeous@users.noreply.github.com>
Emil Lundberg <emil@emlun.se>
Eric P <eric@kastelo.net>
Evgeny Kuznetsov <evgeny@kuznetsov.md>
greatroar <61184462+greatroar@users.noreply.github.com>
Lars K.W. Gohlke (lkwg82) <lkwg82@gmx.de>
Lode Hoste (Zillode) <zillode@zillode.be>
Michael Ploujnikov (plouj) <ploujj@gmail.com>
Ross Smith II (rasa) <ross@smithii.com>
Stefan Tatschner (rumpelsepp) <stefan@sevenbyte.org> <rumpelsepp@sevenbyte.org> <stefan@rumpelsepp.org>
Wulf Weich (wweich) <wweich@users.noreply.github.com> <wweich@gmx.de> <wulf@weich-kr.de>
Adam Piggott (ProactiveServices) <aD@simplypeachy.co.uk> <simplypeachy@users.noreply.github.com> <ProactiveServices@users.noreply.github.com> <adam@proactiveservices.co.uk>
Adel Qalieh (adelq) <aqalieh95@gmail.com> <adelq@users.noreply.github.com>
Aleksey Vasenev <margtu-fivt@ya.ru>
Alessandro G. (alessandro.g89) <alessandro.g89@gmail.com>
Alex Ionescu <github@ionescu.sh>
Alex Lindeman <139387+aelindeman@users.noreply.github.com>
Alex Xu <alex.hello71@gmail.com>
Alexander Seiler <seileralex@gmail.com>
Alexandre Alves <alexandrealvesdb.contact@gmail.com>
Aman Gupta <aman@tmm1.net>
Andreas Sommer <andreas.sommer87@googlemail.com>
andresvia <andres.via@gmail.com>
Andrew Rabert (nvllsvm) <ar@nullsum.net> <6550543+nvllsvm@users.noreply.github.com>
Andrey D (scienmind) <scintertech@cryptolab.net> <scienmind@users.noreply.github.com>
andyleap <andyleap@gmail.com>
Anjan Momi <anjan@momi.ca>
Anthony Goeckner <agoeckner@users.noreply.github.com>
Antoine Lamielle (0x010C) <antoine.lamielle@0x010c.fr> <gh@0x010c.fr>
Anur <anurnomeru@163.com>
Aranjedeath <Aranjedeath@users.noreply.github.com>
ardevd <ardevd@users.noreply.github.com>
Arkadiusz Tymiński <gevleeog@gmail.com>
Aroun <login@b-vo.fr>
Arthur Axel fREW Schmidt (frioux) <frew@afoolishmanifesto.com> <frioux@gmail.com>
Artur Zubilewicz <AkaZecik@users.noreply.github.com>
Ashish Bhate <bhate.ashish@gmail.com>
Aurélien Rainone <476650+arl@users.noreply.github.com>
BAHADIR YILMAZ <bahadiryilmaz32@gmail.com>
Bart De Vries (mogwa1) <devriesb@gmail.com>
Beat Reichenbach <44111292+beatreichenbach@users.noreply.github.com>
Ben Shepherd (benshep) <bjashepherd@gmail.com>
Ben Sidhom (bsidhom) <bsidhom@gmail.com>
Benedikt Heine (bebehei) <bebe@bebehei.de>
Benno Fünfstück <benno.fuenfstueck@gmail.com>
Benny Ng (tpng) <benny.tpng@gmail.com>
boomsquared <54829195+boomsquared@users.noreply.github.com>
Boqin Qin <bobbqqin@bupt.edu.cn>
Boris Rybalkin <ribalkin@gmail.com>
Brendan Long (brendanlong) <self@brendanlong.com>
Catfriend1 <16361913+Catfriend1@users.noreply.github.com>
Cathryne Linenweaver (Cathryne) <cathryne.linenweaver@gmail.com> <Cathryne@users.noreply.github.com> <katrinleinweber@MAC.local>
Cedric Staniewski (xduugu) <cedric@gmx.ca>
Chih-Hsuan Yen <yan12125@gmail.com> <1937689+yan12125@users.noreply.github.com>
Choongkyu <choongkyu.kim+gh@gmail.com> <vapidlyrapid+gh@gmail.com>
Chris Howie (cdhowie) <me@chrishowie.com>
Chris Joel (cdata) <chris@scriptolo.gy>
Christian Kujau <ckujau@users.noreply.github.com>
Christian Prescott <me@christianprescott.com>
chucic <chucic@seznam.cz>
cjc7373 <niuchangcun@gmail.com>
Colin Kennedy (moshen) <moshen.colin@gmail.com>
Cromefire_ <tim.l@nghorst.net> <26320625+cromefire@users.noreply.github.com>
Cyprien Devillez <cypx@users.noreply.github.com>
d-volution <49024624+d-volution@users.noreply.github.com>
Dan <benda.daniel@gmail.com>
Daniel Barczyk <46358936+DanielBarczyk@users.noreply.github.com>
Daniel Bergmann (brgmnn) <dan.arne.bergmann@gmail.com> <brgmnn@users.noreply.github.com>
Daniel Martí (mvdan) <mvdan@mvdan.cc>
Daniel Padrta <64928366+danpadcz@users.noreply.github.com>
Darshil Chanpura (dtchanpura) <dtchanpura@gmail.com> <dcprime314@gmail.com>
dashangcun <907225865@qq.com>
David Rimmer (dinosore) <dinosore@dbrsoftware.co.uk>
DeflateAwning <11021263+DeflateAwning@users.noreply.github.com>
Denis A. (dva) <denisva@gmail.com>
Dennis Wilson (snnd) <dw@risu.io>
derekriemer <derek.riemer@colorado.edu>
DerRockWolf <50499906+DerRockWolf@users.noreply.github.com>
desbma <desbma@users.noreply.github.com>
Devon G. Redekopp <devon@redekopp.com>
digital <didev@dinid.net>
Dimitri Papadopoulos Orfanos <3234522+DimitriPapadopoulos@users.noreply.github.com>
Dmitry Saveliev (dsaveliev) <d.e.saveliev@gmail.com>
domain <32405309+szu17dmy@users.noreply.github.com>
Domenic Horner <domenic@tgxn.net>
Dominik Heidler (asdil12) <dominik@heidler.eu>
Elias Jarlebring (jarlebring) <jarlebring@gmail.com>
Elliot Huffman <thelich2@gmail.com>
Emil Hessman (ceh) <emil@hessman.se>
Eng Zer Jun <engzerjun@gmail.com>
entity0xfe <109791748+entity0xfe@users.noreply.github.com> <entity0xfe@my.domain>
Eric Lesiuta <elesiuta@gmail.com>
Erik Meitner (WSGCSysadmin) <e.meitner@willystreet.coop>
Evan Spensley <94762716+0evan@users.noreply.github.com>
Federico Castagnini (facastagnini) <federico.castagnini@gmail.com>
Felix <53702818+f-eliks@users.noreply.github.com>
Felix Ableitner (Nutomic) <me@nutomic.com>
Felix Lampe <mail@flampe.de>
Felix Unterpaintner (bigbear2nd) <bigbear2nd@gmail.com>
Francois-Xavier Gsell (zukoo) <fxgsell@gmail.com>
Frank Isemann (fti7) <frank@isemann.name>
Gahl Saraf <saraf.gahl@gmail.com> <gahl@raftt.io>
georgespatton <georgespatton@users.noreply.github.com>
ghjklw <malo@jaffre.info>
Gilli Sigurdsson (gillisig) <gilli@vx.is>
Gleb Sinyavskiy <zhulik.gleb@gmail.com>
Graham Miln (grahammiln) <graham.miln@dssw.co.uk> <graham.miln@miln.eu>
Greg <gco@jazzhaiku.com>
guangwu <guoguangwu@magic-shield.com>
gudvinr <gudvinr@gmail.com>
Gusted <postmaster@gusted.xyz> <williamzijl7@hotmail.com>
Han Boetes <han@boetes.org>
HansK-p <42314815+HansK-p@users.noreply.github.com>
Harrison Jones (harrisonhjones) <harrisonhjones@users.noreply.github.com>
Hazem Krimi <me@hazemkrimi.tech>
Heiko Zuerker (Smiley73) <heiko@zuerker.org>
Hireworks <129852174+hireworksltd@users.noreply.github.com>
Hugo Locurcio <hugo.locurcio@hugo.pro>
Iain Barnett <iainspeed@gmail.com>
Ian Johnson (anonymouse64) <ian.johnson@canonical.com> <person.uwsome@gmail.com>
ignacy123 <ignacy.buczek@onet.pl>
Iskander Sharipov (Alex) <quasilyte@gmail.com>
Jaakko Hannikainen (jgke) <jgke@jgke.fi>
Jack Croft <jccroft1@users.noreply.github.com>
Jacob <jyundt@gmail.com>
Jake Peterson (acogdev) <jake@acogdev.com>
James O'Beirne <wild-github@au92.org>
James Patterson (jpjp) <jamespatterson@operamail.com> <jpjp@users.noreply.github.com>
Jaroslav Lichtblau <svetlemodry@users.noreply.github.com>
Jaroslav Malec (dzarda) <dzardacz@gmail.com>
Jaspitta <ste.scarpitta@gmail.com>
Jaya Chithra (jayachithra) <s.k.jayachithra@gmail.com>
Jaya Kumar <jaya.kumar@ict.nl>
Jeffery To <jeffery.to@gmail.com>
jelle van der Waa <jelle@vdwaa.nl>
Jens Diemer (jedie) <github.com@jensdiemer.de> <git@jensdiemer.de>
Jochen Voss (seehuhn) <voss@seehuhn.de>
Johan Vromans (sciurius) <jvromans@squirrel.nl>
John Rinehart (fuzzybear3965) <johnrichardrinehart@gmail.com>
Jonas Thelemann <e-mail@jonas-thelemann.de>
Jonathan <artback@protonmail.com> <jonagn@gmail.com>
Jose Manuel Delicado (jmdaweb) <jmdaweb@hotmail.com> <jmdaweb@users.noreply.github.com>
jtagcat <git-514635f7@jtag.cat> <git-12dbd862@jtag.cat>
Julian Lehrhuber <jul13579@users.noreply.github.com>
Jörg Thalheim <Mic92@users.noreply.github.com>
Jędrzej Kula <kula.jedrek@gmail.com>
Kapil Sareen <kapilsareen584@gmail.com>
Karol Różycki (krozycki) <rozycki.karol@gmail.com>
Kebin Liu <lkebin@gmail.com>
Keith Harrison <keithh@protonmail.com>
Kelong Cong (kc1212) <kc04bc@gmx.com> <kc1212@users.noreply.github.com>
Ken'ichi Kamada (kamadak) <kamada@nanohz.org>
Kevin Allen (ironmig) <kma1660@gmail.com>
Kevin Bushiri (keevBush) <keevbush@gmail.com> <36192217+keevBush@users.noreply.github.com>
Kevin White, Jr. (kwhite17) <kevinwhite1710@gmail.com>
klemens <ka7@github.com>
Kurt Fitzner (Kudalufi) <kurt@va1der.ca> <kurt.fitzner@gmail.com>
kylosus <33132401+kylosus@users.noreply.github.com>
Lars Lehtonen <lars.lehtonen@gmail.com>
Laurent Etiemble (letiemble) <laurent.etiemble@gmail.com> <laurent.etiemble@monobjc.net>
Leo Arias (elopio) <yo@elopio.net>
Liu Siyuan (liusy182) <liusy182@gmail.com> <liusy182@hotmail.com>
Lord Landon Agahnim (LordLandon) <lordlandon@gmail.com>
LSmithx2 <42276854+lsmithx2@users.noreply.github.com>
Lukas Lihotzki <lukas@lihotzki.de>
Luke Hamburg <1992842+luckman212@users.noreply.github.com>
luzpaz <luzpaz@users.noreply.github.com>
Majed Abdulaziz (majedev) <majed.alhajry@gmail.com>
Marc Laporte (marclaporte) <marc@marclaporte.com> <marc@laporte.name>
Marcel Meyer <mm.marcelmeyer@gmail.com>
Marcin Dziadus (marcindziadus) <dziadus.marcin@gmail.com>
Marcus B Spencer <marcus@marcusspencer.xyz> <marcus@marcusspencer.us>
Marcus Legendre <marcus.legendre@gmail.com>
Mario Majila <mariustshipichik@gmail.com>
Mark Pulford (mpx) <mark@kyne.com.au>
Martchus <martchus@gmx.net>
Mateusz Naściszewski (mateon1) <matin1111@wp.pl>
Mateusz Ż <thedead4fun@live.com>
mathias4833 <67101597+mathias4833@users.noreply.github.com>
Matic Potočnik <hairyfotr@gmail.com>
Matt Burke (burkemw3) <mburke@amplify.com> <burkemw3@gmail.com>
Matt Robenolt <matt@ydekproductions.com>
Matteo Ruina <matteo.ruina@gmail.com>
Maurizio Tomasi <ziotom78@gmail.com>
Max <github@germancoding.com>
Max Schulze (kralo) <max.schulze@online.de> <kralo@users.noreply.github.com>
MaximAL <almaximal@ya.ru>
Maximilian <maxi.rostock@outlook.de> <public@complexvector.space>
Michael Jephcote (Rewt0r) <rewt0r@gmx.com> <Rewt0r@users.noreply.github.com>
Michael Rienstra <mrienstra@gmail.com>
MichaIng <micha@dietpi.com>
Migelo <miha@filetki.si>
Mike Boone <mike@boonedocks.net>
MikeLund <MikeLund@users.noreply.github.com>
MikolajTwarog <43782609+MikolajTwarog@users.noreply.github.com>
Mingxuan Lin <gdlmx@users.noreply.github.com>
mv1005 <49659413+mv1005@users.noreply.github.com>
Nate Morrison (nrm21) <natemorrison@gmail.com>
nf <nf@wh3rd.net>
Nicholas Rishel (PrototypeNM1) <rishel.nick@gmail.com> <PrototypeNM1@users.noreply.github.com>
Nick Busey <NickBusey@users.noreply.github.com>
Nico Stapelbroek <3368018+nstapelbroek@users.noreply.github.com>
Nicolas Braud-Santoni <nicolas@braud-santoni.eu>
Nicolas Perraut <n.perraut@gmail.com>
Niels Peter Roest (Niller303) <nielsproest@hotmail.com> <seje.niels@hotmail.com>
Nils Jakobi (thunderstorm99) <jakobi.nils@gmail.com>
NinoM4ster <ninom4ster@gmail.com>
Nitroretro <43112364+Nitroretro@users.noreply.github.com>
NoLooseEnds <jon.koslung@gmail.com>
Oliver Freyermuth <o.freyermuth@googlemail.com>
orangekame3 <miya.org.0309@gmail.com>
otbutz <tbutz@optitool.de>
overkill <22098433+0verk1ll@users.noreply.github.com>
Oyebanji Jacob Mayowa <oyebanji05@gmail.com>
Pablo <pbaeyens31+github@gmail.com>
Pascal Jungblut (pascalj) <github@pascalj.com> <mail@pascal-jungblut.com>
Paul Brit <paulbrit44@gmail.com>
Paul Donald <newtwen+github@gmail.com>
Pawel Palenica (qepasa) <pawelpalenica11@gmail.com>
perewa <cavalcante.ten@gmail.com>
Peter Badida <KeyWeeUsr@users.noreply.github.com>
Peter Dave Hello <hsu@peterdavehello.org>
Peter Hoeg (peterhoeg) <peter@speartail.com>
Peter Marquardt (wwwutz) <wwwutz@gmail.com> <wwwutz@googlemail.com>
Phani Rithvij <phanirithvij2000@gmail.com>
Phil Davis <phil.davis@inf.org>
Philippe Schommers (filoozoom) <philippe@schommers.be>
Phill Luby (pluby) <phill.luby@newredo.com>
Piotr Bejda (piobpl) <piotrb10@gmail.com>
polyfloyd <polyfloyd@users.noreply.github.com>
pullmerge <166967364+pullmerge@users.noreply.github.com>
Quentin Hibon <qh.public@yahoo.com>
Rahmi Pruitt <rjpruitt16@gmail.com>
red_led <red-led@users.noreply.github.com>
Robert Carosi (nov1n) <robert@carosi.nl>
Roberto Santalla <roobre@users.noreply.github.com>
Robin Schoonover <robin@cornhooves.org>
Roman Zaynetdinov (zaynetro) <romanznet@gmail.com>
rubenbe <github-com-00ff86@vandamme.email>
Ruslan Yevdokymov <38809160+ruslanye@users.noreply.github.com>
Ryan Qian <i@bitbili.net>
Ryan Sullivan (KayoticSully) <kayoticsully@gmail.com>
Sacheendra Talluri (sacheendra) <sacheendra.t@gmail.com>
Scott Klupfel (kluppy) <kluppy@going2blue.com>
sec65 <106604020+sec65@users.noreply.github.com>
Sergey Mishin (ralder) <ralder@yandex.ru>
Sertonix <83883937+Sertonix@users.noreply.github.com>
Severin von Wnuck-Lipinski <ss7@live.de>
Shaarad Dalvi <60266155+shaaraddalvi@users.noreply.github.com> <shdalv@microsoft.com>
Simon Mwepu <simonmwepu@gmail.com>
Simon Pickup <simon@pickupinfinity.com>
Sly_tom_cat <slytomcat@mail.ru>
Sonu Kumar Saw <31889738+dev-saw99@users.noreply.github.com>
Stefan Kuntz (Stefan-Code) <stefan.github@gmail.com> <Stefan.github@gmail.com>
Steven Eckhoff <steven.eckhoff.opensource@gmail.com>
Suhas Gundimeda (snugghash) <suhas.gundimeda@gmail.com> <snugghash@gmail.com>
Sven Bachmann <dev@mcbachmann.de>
Sébastien WENSKE <sebastien@wenske.fr>
Taylor Khan (nelsonkhan) <nelsonkhan@gmail.com>
Terrance <git@terrance.allofti.me>
TheCreeper <TheCreeper@users.noreply.github.com>
Thomas <9749173+uhthomas@users.noreply.github.com>
Thomas Hipp <thomashipp@gmail.com>
Tim Abell (timabell) <tim@timwise.co.uk>
Tim Howes (timhowes) <timhowes@berkeley.edu>
Tobias Frölich <40638719+tobifroe@users.noreply.github.com>
Tobias Klauser <tobias.klauser@gmail.com>
Tobias Nygren (tnn2) <tnn@nygren.pp.se>
Tobias Tom (tobiastom) <t.tom@succont.de>
Tom Jakubowski <tom@crystae.net>
Tommy van der Vorst <tommy-github@pixelspark.nl> <tommy@pixelspark.nl>
Tully Robinson (tojrobinson) <tully@tojr.org>
Tyler Brazier (tylerbrazier) <tyler@tylerbrazier.com>
Tyler Kropp <kropptyler@gmail.com>
Unrud (Unrud) <unrud@openaliasbox.org> <Unrud@users.noreply.github.com>
vapatel2 <149737089+vapatel2@users.noreply.github.com>
Veeti Paananen (veeti) <veeti.paananen@rojekti.fi>
Victor Buinsky (buinsky) <vix_booja@tut.by>
Vik <63919734+ViktorOn@users.noreply.github.com>
Vil Brekin (Vilbrekin) <vilbrekin@gmail.com>
villekalliomaki <53118179+villekalliomaki@users.noreply.github.com>
Vladimir Rusinov <vrusinov@google.com> <vladimir.rusinov@gmail.com>
wangguoliang <liangcszzu@163.com>
WangXi <xib1102@icloud.com>
Will Rouesnel <wrouesnel@wrouesnel.com>
William A. Kennington III (wkennington) <william@wkennington.com>
wouter bolsterlee <wouter@bolsterl.ee>
xarx00 <xarx00@users.noreply.github.com>
Xavier O. (damajor) <damajor@gmail.com>
xjtdy888 (xjtdy888) <xjtdy888@163.com> <xjtdy888@gmail.com>
Yannic A. (eipiminus1) <eipiminusone+github@gmail.com> <eipiminus1@users.noreply.github.com>
佛跳墙 <daoquan@qq.com>
落心 <luoxin.ttt@gmail.com>
