# This file maps email addresses used in commits to nicks used the changelog.
# It is auto generated from the AUTHORS file by script/authors.go.

0x010C <antoine.lamielle@0x010c.fr>
0x010C <gh@0x010c.fr>
acogdev <jake@acogdev.com>
adelq <aqalieh95@gmail.com>
adelq <adelq@users.noreply.github.com>
alessandro.g89 <alessandro.g89@gmail.com>
alex2108 <register-github@alex-graf.de>
andersonvom <andersonvom@gmail.com>
andrew-d <andrew@du.nham.ca>
asdil12 <dominik@heidler.eu>
AudriusButkevicius <audrius.butkevicius@gmail.com>
aviau <alexandre@alexandreviau.net>
aviau <aviau@debian.org>
bencurthoys <ben@bencurthoys.com>
benshep <bjashepherd@gmail.com>
bigbear2nd <bigbear2nd@gmail.com>
brbecker <brbecker@gmail.com>
brendanlong <self@brendanlong.com>
brgmnn <dan.arne.bergmann@gmail.com>
brgmnn <brgmnn@users.noreply.github.com>
bsidhom <bsidhom@gmail.com>
buinsky <vix_booja@tut.by>
burkemw3 <mburke@amplify.com>
burkemw3 <burkemw3@gmail.com>
calmh <jakob@nym.se>
calmh <jakob@kastelo.net>
canton7 <antony.male@gmail.com>
Cathryne <cathryne.linenweaver@gmail.com>
Cathryne <Cathryne@users.noreply.github.com>
cdata <chris@scriptolo.gy>
cdhowie <me@chrishowie.com>
ceh <emil@hessman.se>
cqcallaw <enlightened.despot@gmail.com>
damajor <damajor@gmail.com>
dinosore <dinosore@dbrsoftware.co.uk>
dtchanpura <dtchanpura@gmail.com>
dtchanpura <dcprime314@gmail.com>
dva <denisva@gmail.com>
dzarda <dzardacz@gmail.com>
eipiminus1 <eipiminusone+github@gmail.com>
eipiminus1 <eipiminus1@users.noreply.github.com>
elopio <yo@elopio.net>
facastagnini <federico.castagnini@gmail.com>
filoozoom <philippe@schommers.be>
frioux <frew@afoolishmanifesto.com>
frioux <frioux@gmail.com>
fti7 <frank@isemann.name>
gillisig <gilli@vx.is>
hadogenes <szafar@linux.pl>
imsodin <freisim93@gmail.com>
ironmig <kma1660@gmail.com>
jarlebring <jarlebring@gmail.com>
jayachithra <s.k.jayachithra@gmail.com>
jedie <github.com@jensdiemer.de>
jedie <git@jensdiemer.de>
jgke <jgke@jgke.fi>
jmdaweb <jmdaweb@hotmail.com>
jmdaweb <jmdaweb@users.noreply.github.com>
jpjp <jamespatterson@operamail.com>
jpjp <jpjp@users.noreply.github.com>
kamadak <kamada@nanohz.org>
KayoticSully <kayoticsully@gmail.com>
kc1212 <kc04bc@gmx.com>
kc1212 <kc1212@users.noreply.github.com>
kilburn <kilburn@la3.org>
kluppy <kluppy@going2blue.com>
kozec <kozec@kozec.com>
kralo <max.schulze@online.de>
kralo <kralo@users.noreply.github.com>
krozycki <rozycki.karol@gmail.com>
Kudalufi <kurt@va1der.ca>
Kudalufi <kurt.fitzner@gmail.com>
kwhite17 <kevinwhite1710@gmail.com>
letiemble <laurent.etiemble@gmail.com>
letiemble <laurent.etiemble@monobjc.net>
liusy182 <liusy182@gmail.com>
liusy182 <liusy182@hotmail.com>
lkwg82 <lkwg82@gmx.de>
LordLandon <lordlandon@gmail.com>
majedev <majed.alhajry@gmail.com>
marcindziadus <dziadus.marcin@gmail.com>
marclaporte <marc@marclaporte.com>
marclaporte <marc@laporte.name>
mateon1 <matin1111@wp.pl>
mogwa1 <devriesb@gmail.com>
moshen <moshen.colin@gmail.com>
Moter8 <moter8@gmail.com>
mpx <mark@kyne.com.au>
mvdan <mvdan@mvdan.cc>
Niller303 <nielsproest@hotmail.com>
Niller303 <seje.niels@hotmail.com>
norgeous <daniel@harte.me>
norgeous <daniel@danielharte.co.uk>
norgeous <norgeous@users.noreply.github.com>
nov1n <robert@carosi.nl>
nrm21 <natemorrison@gmail.com>
Nutomic <me@nutomic.com>
pascalj <github@pascalj.com>
pascalj <mail@pascal-jungblut.com>
peterhoeg <peter@speartail.com>
philips <brandon@ifup.org>
piobpl <piotrb10@gmail.com>
plouj <ploujj@gmail.com>
pluby <phill.luby@newredo.com>
ProactiveServices <aD@simplypeachy.co.uk>
ProactiveServices <simplypeachy@users.noreply.github.com>
ProactiveServices <ProactiveServices@users.noreply.github.com>
pyfisch <pyfisch@gmail.com>
qbit <qbit@deftly.net>
ralder <ralder@yandex.ru>
rasa <ross@smithii.com>
Rewt0r <rewt0r@gmx.com>
Rewt0r <Rewt0r@users.noreply.github.com>
rumpelsepp <stefan@sevenbyte.org>
rumpelsepp <rumpelsepp@sevenbyte.org>
sacheendra <sacheendra.t@gmail.com>
scienmind <scintertech@cryptolab.net>
sciurius <jvromans@squirrel.nl>
seehuhn <voss@seehuhn.de>
Smiley73 <heiko@zuerker.org>
snnd <dw@risu.io>
snugghash <suhas.gundimeda@gmail.com>
snugghash <snugghash@gmail.com>
Stefan-Code <stefan.github@gmail.com>
Stefan-Code <Stefan.github@gmail.com>
timabell <tim@timwise.co.uk>
timhowes <timhowes@berkeley.edu>
tnn2 <tnn@nygren.pp.se>
tobiastom <t.tom@succont.de>
tojrobinson <tully@tojr.org>
tpng <benny.tpng@gmail.com>
tylerbrazier <tyler@tylerbrazier.com>
Unrud <unrud@openaliasbox.org>
Unrud <Unrud@users.noreply.github.com>
uok <ueomkail@gmail.com>
uok <uok@users.noreply.github.com>
veeti <veeti.paananen@rojekti.fi>
Vilbrekin <vilbrekin@gmail.com>
wkennington <william@wkennington.com>
WSGCSysadmin <e.meitner@willystreet.coop>
wweich <wweich@users.noreply.github.com>
wweich <wweich@gmx.de>
wweich <wulf@weich-kr.de>
xduugu <cedric@gmx.ca>
zaynetro <romanznet@gmail.com>
Zillode <zillode@zillode.be>
zukoo <fxgsell@gmail.com>
